<?xml version="1.0" encoding="UTF-8"?><stats><user name="groupe"><tasks number="2"><done number="0"></done><todo number="2"><late number="2"><task title="action 1"></task><task title="init db"></task></late><intime number="0"></intime></todo></tasks></user><user name="matLo"><tasks number="2"><done number="1"><task title="plan cours"></task></done><todo number="1"><late number="1"><task title="supports cours et tds"></task></late><intime number="0"></intime></todo></tasks></user><user name="paresseux"><tasks number="0"><done number="0"></done><todo number="0"><late number="0"></late><intime number="0"></intime></todo></tasks></user><user name="prof"><tasks number="1"><done number="0"></done><todo number="1"><late number="1"><task title="relecture"></task></late><intime number="0"></intime></todo></tasks></user><user name="subProf"><tasks number="2"><done number="0"></done><todo number="2"><late number="2"><task title="tests"></task><task title="SVN"></task></late><intime number="0"></intime></todo></tasks></user></stats>